1,9,Phase1,#c9daf8,1, ,NULL,NULL,NULL
2,9,Phase2,#a4c2f4,2, ,NULL,NULL,NULL
3,9,Phase3,#6d9eeb,3, ,NULL,NULL,NULL
4,9,Phase4,#3c78d8,4, ,NULL,NULL,NULL
5,9,Phase5,#1155cc,5, ,NULL,NULL,NULL
6,9,EXT,#134f5c,6,,NULL,NULL,NULL
7,9,Q1,#45818e,7,,NULL,NULL,NULL
8,9,Q2,#45818e,8,,NULL,NULL,NULL
9,9,Q3,#45818e,9,,NULL,NULL,NULL
10,9,Q4,#45818e,10,,NULL,NULL,NULL
11,4,Phase1,#ead1dc,1, ,NULL,NULL,NULL
12,4,Phase2,#d5a6bd,2, ,NULL,NULL,NULL
13,4,Phase3,#c27ba0,3, ,NULL,NULL,NULL
14,4,Phase4,#a64d79,4, ,NULL,NULL,NULL
15,4,Phase5,#741b47,5, ,NULL,NULL,NULL
16,5,Phase1,#fce5cd,1,,NULL,NULL,NULL
17,5,Phase2,#f9cb9c,2,,NULL,NULL,NULL
18,5,Phase3,#f6b26b,3,,NULL,NULL,NULL
19,5,Phase4,#e69138,4,,NULL,NULL,NULL
20,5,Phase5,#b45f06,5,,NULL,NULL,NULL
21,7,Phase1,#ead1dc,1,,NULL,NULL,NULL
22,7,Phase2,#d5a6bd,2,,NULL,NULL,NULL
23,7,Phase3,#c27ba0,3,,NULL,NULL,NULL
24,7,Phase4,#a64d79,4,,NULL,NULL,NULL
25,7,Phase5,#741b47,5,,NULL,NULL,NULL
26,22,Phase1,#fff2cc,1,,NULL,NULL,NULL
27,22,Phase2,#ffe599,2,,NULL,NULL,NULL
28,22,Phase3,#ffd966,3,,NULL,NULL,NULL
29,22,Phase4,#f1c232,4,,NULL,NULL,NULL
30,22,Phase5,#bf9000,5,,NULL,NULL,NULL
31,26,Phase1,#ead1dc,1,,NULL,NULL,NULL
32,26,Phase2,#d5a6bd,2,,NULL,NULL,NULL
33,26,Phase3,#c27ba0,3,,NULL,NULL,NULL
34,26,Phase4,#a64d79,4,,NULL,NULL,NULL
35,26,Phase5,#741b47,5,,NULL,NULL,NULL
36,14,Phase1,#cfe2f3,1,,NULL,NULL,NULL
37,14,Phase2,#9fc5e8,2,,NULL,NULL,NULL
38,14,Phase3,#6fa8dc,3,,NULL,NULL,NULL
39,14,Phase4,#3d85c6,4,,NULL,NULL,NULL
40,14,Phase5,#0b5394,5,,NULL,NULL,NULL
